{
  "n_train": 536,
  "n_val": 115,
  "n_test": 116,
  "class_balance_train": {
    "0": 0.6511194029850746,
    "1": 0.34888059701492535
  },
  "class_balance_val": {
    "0": 0.6521739130434783,
    "1": 0.34782608695652173
  },
  "class_balance_test": {
    "0": 0.6551724137931034,
    "1": 0.3448275862068966
  }
}