model,threshold,val_f1,val_auc,val_ap,test_f1,test_auc,test_ap
NaiveBayes,0.172051,0.723404,0.839667,0.676815,0.600000,0.769737,0.629757
KNN,0.250000,0.693878,0.801000,0.591911,0.687500,0.827467,0.676494
LogReg,0.229701,0.767677,0.867333,0.744186,0.598131,0.784868,0.662017
MLP,0.254642,0.636364,0.784000,0.699536,0.609756,0.774342,0.663959